{"id":"ratesdata","lastModified":"10-11-2020","USDAED":3.67296,"USDAFN":76.780574,"USDALL":105.242631,"USDAMD":489.65048,"USDANG":1.795321,"USDAOA":644.127003,"USDARS":77.143702,"USDAUD":1.386399,"USDAWG":1.8,"USDAZN":1.67226,"USDBAM":1.658249,"USDBBD":2.019492,"USDBDT":84.809045,"USDBGN":1.657914,"USDBHD":0.377128,"USDBIF":1934.113637,"USDBMD":1,"USDBND":1.35731,"USDBOB":6.911184,"USDBRL":5.5319,"USDBSD":1.000208,"USDBTC":0.000086460107,"USDBTN":73.320107,"USDBWP":11.469874,"USDBYN":2.570487,"USDBYR":19600,"USDBZD":2.016016,"USDCAD":1.311255,"USDCDF":1815.499532,"USDCHF":0.909403,"USDCLF":0.028884,"USDCLP":797.000112,"USDCNY":6.746099,"USDCOP":3833.59,"USDCRC":601.71859,"USDCUC":1,"USDCUP":26.5,"USDCVE":93.480565,"USDCZK":23.026103,"USDDJF":178.042474,"USDDKK":6.30266,"USDDOP":58.380354,"USDDZD":128.732547,"USDEGP":15.690619,"USDERN":14.999512,"USDETB":37.276673,"USDEUR":0.846755,"USDFJD":2.11335,"USDFKP":0.76558,"USDGBP":0.765704,"USDGEL":3.204991,"USDGGP":0.76558,"USDGHS":5.793057,"USDGIP":0.76558,"USDGMD":51.760309,"USDGNF":9797.889025,"USDGTQ":7.781391,"USDGYD":209.164402,"USDHKD":7.75025,"USDHNL":24.618998,"USDHRK":6.412008,"USDHTG":63.011306,"USDHUF":302.874991,"USDIDR":14754.8,"USDILS":3.38456,"USDIMP":0.76558,"USDINR":73.367601,"USDIQD":1194.017576,"USDIRR":42105.00027,"USDISK":138.020273,"USDJEP":0.76558,"USDJMD":144.525226,"USDJOD":0.708992,"USDJPY":105.338996,"USDKES":108.497023,"USDKGS":79.616695,"USDKHR":4104.65762,"USDKMF":416.492558,"USDKPW":900.03416,"USDKRW":1148.645001,"USDKWD":0.30596,"USDKYD":0.833521,"USDKZT":428.058484,"USDLAK":9229.523555,"USDLBP":1512.465397,"USDLKR":184.2805,"USDLRD":198.295202,"USDLSL":16.460286,"USDLTL":2.95274,"USDLVL":0.604891,"USDLYD":1.364444,"USDMAD":9.204845,"USDMDL":16.962775,"USDMGA":3894.179939,"USDMKD":52.236022,"USDMMK":1281.712217,"USDMNT":2859.271036,"USDMOP":7.984128,"USDMRO":357.000346,"USDMUR":39.789851,"USDMVR":15.409758,"USDMWK":753.236029,"USDMXN":21.197997,"USDMYR":4.146015,"USDMZN":72.644987,"USDNAD":16.549922,"USDNGN":383.540004,"USDNIO":34.836429,"USDNOK":9.144703,"USDNPR":117.31251,"USDNZD":1.503715,"USDOMR":0.384978,"USDPAB":1.000208,"USDPEN":3.580606,"USDPGK":3.499468,"USDPHP":48.620005,"USDPKR":163.827074,"USDPLN":3.78382,"USDPYG":7006.286802,"USDQAR":3.640974,"USDRON":4.125899,"USDRSD":99.560539,"USDRUB":77.066699,"USDRWF":977.264923,"USDSAR":3.751197,"USDSBD":8.133441,"USDSCR":18.105383,"USDSDG":55.275018,"USDSEK":8.80233,"USDSGD":1.35684,"USDSHP":0.76558,"USDSLL":9875.00049,"USDSOS":582.999689,"USDSRD":14.154005,"USDSTD":21033.812032,"USDSVC":8.7515,"USDSYP":512.246182,"USDSZL":16.542895,"USDTHB":31.159906,"USDTJS":10.321714,"USDTMT":3.5,"USDTND":2.752501,"USDTOP":2.3069,"USDTRY":7.877196,"USDTTD":6.764141,"USDTWD":28.628011,"USDTZS":2320.401974,"USDUAH":28.278414,"USDUGX":3703.659741,"USDUSD":1,"USDUYU":42.582379,"USDUZS":10351.964732,"USDVEF":9.987498,"USDVND":23178.5,"USDVUV":113.156872,"USDWST":2.621056,"USDXAF":556.147915,"USDXAG":0.039659,"USDXAU":0.00052,"USDXCD":2.70255,"USDXDR":0.707015,"USDXOF":556.107838,"USDXPF":101.350106,"USDYER":250.350078,"USDZAR":16.50847,"USDZMK":9001.19855,"USDZMW":20.09852,"USDZWL":322.000331}